{
  "timestamp": "20260426_125127",
  "department": {
    "default": 0.6157216124481728,
    "F&B": 0.631776620763245,
    "Housekeeping": 0.6335110515173837,
    "Reception": 0.5818771650638896
  },
  "sentiment": {
    "default": 0.7829087362051513,
    "neg": 0.7733519591119412,
    "pos": 0.7924655132983615
  },
  "diagnostic_only": true
}